INSERT INTO Customer_Details (customer_id, customer_name, email, phone_no) 
VALUES
(1, 'Rajkumar Singh', NULL, '9967631003'),
(2, 'Bablu Chaudhary', NULL, '9892873695'),
(3, 'Ajay Bhalerao', NULL, '9320056225'),
(4, 'Mahesh Bhore', NULL, '9326365574'),
(5, 'Sajid Shaikh', NULL, '7738553196'),
(6, 'Akash Kurade', NULL, '9137677025'),
(7, 'Upendra Bharati', NULL, '7080543308'),
(8, 'Khalil Patel', NULL, '9653292052'),
(9, 'Amit Khatri', NULL, '7972418515'),
(10, 'Dheeraj Bainit', NULL, '7045690811'),
(11, 'Sudhir Khatri', NULL, '9653257771'),
(12, 'Avinash Chaple', NULL, '9987080252'),
(13, 'Hassan Shaikh', NULL, '8050678369'),
(14, 'BasantLal Gautam', NULL, '7506697810'),
(15, 'Bapu Sonawane', NULL, '8928562712'),
(16, 'Murtuja Ali', NULL, '7738928178'),
(17, 'Joshna Kurade', NULL, '8433528941'),
(18, 'Anil Bumbak', NULL, '7021766400'),
(19, 'Akash Yadav', NULL, '9004762772'),
(20, 'Pramod Chimane', NULL, '8657479485'),
(21, 'Rajan Sangale', NULL, '9082235650'),
(22, 'Krushna Patil', NULL, '9321997996'),
(23, 'Chiranjiv Dhage', NULL, '8169980056'),
(24, 'Deepak Prajapati', NULL, '8779959456'),
(25, 'Subedar Prajapati', NULL, '8898492505'),
(26, 'Bholaprasad Yadav', NULL, '8149598328'),
(27, 'Vijay Gurav', NULL, '7039727717'),
(28, 'Babaram Shinde', NULL, '9137577940'),
(29, 'Ashish Kamble', NULL, '8879371320'),
(30, 'Yuvraj Kadam', NULL, '9890496842'),
(31, 'Asif Shaikh', NULL, '6202378993'),
(32, 'Rafik Shaikh', NULL, '9769689514'),
(33, 'Suryakant Jadav', NULL, '9867327715'),
(34, 'Santosh Yadav', NULL, '7039601245'),
(35, 'Sunil Dighule', NULL, '9326667249'),
(36, 'Bhushan Patil', NULL, '9892835111'),
(37, 'Dhiraj Watwani', NULL, '8080088999'),
(38, 'Raj Nikum', NULL, '9137922880'),
(39, 'Gopal Shinde Jabya', NULL, '9702151477'),
(40, 'Sandi Kuranje', NULL, '7303168880'),
(41, 'Ramjan Shaikh', NULL, '8692007911'),
(42, 'Usha Jadav', NULL, '9594095645'),
(43, 'Saddam Khan', NULL, '7710809035'),
(44, 'Poonam Shirshat', NULL, '7045787894');


INSERT INTO Loan (loan_id, loan_amount, interest_rate, start_date, end_date, customer_id) VALUES
(1, 12000, 12.5, '2025-01-01', '2025-03-01', 1),
(2, 12000, 12.5, '2025-01-01', '2025-03-01', 2),
(3, 90000, 10.0, '2025-01-01', '2025-07-02', 3),
(4, 12000, 12.5, '2025-01-02', '2025-03-02', 4),
(5, 6000, 15.0, '2025-01-03', '2025-05-03', 5),
(6, 6000, 15.0, '2025-01-03', '2025-05-03', 6),
(7, 84000, 10.5, '2025-01-03', '2025-07-03', 7),
(8, 30000, 11.0, '2025-01-03', '2025-06-03', 8),
(9, 24000, 13.0, '2025-01-03', '2025-07-03', 9),
(10, 24000, 13.0, '2025-01-03', '2025-07-03', 10),
(11, 84000, 10.5, '2025-01-03', '2025-07-03', 11),
(12, 6000, 15.0, '2025-01-04', '2025-05-04', 12),
(13, 6000, 15.0, '2025-01-05', '2025-05-05', 13),
(14, 12000, 12.5, '2025-01-05', '2025-03-05', 14),
(15, 12000, 12.5, '2025-01-06', '2025-03-06', 15),
(16, 12000, 12.5, '2025-01-06', '2025-03-06', 16),
(17, 18000, 13.0, '2025-01-06', '2025-07-06', 17),
(18, 12000, 12.5, '2025-01-06', '2025-03-06', 18),
(19, 24000, 13.0, '2025-01-06', '2025-07-06', 19),
(20, 24000, 13.0, '2025-01-06', '2025-07-06', 20),
(21, 12000, 12.5, '2025-01-07', '2025-03-07', 21),
(22, 24000, 13.0, '2025-01-07', '2025-07-07', 22),
(23, 12000, 12.5, '2025-01-07', '2025-03-07', 23),
(24, 6000, 15.0, '2025-01-08', '2025-05-08', 24),
(25, 60000, 9.0, '2025-01-08', '2025-07-08', 25),
(26, 24000, 13.0, '2025-01-08', '2025-07-08', 26),
(27, 18000, 14.0, '2025-01-08', '2025-06-08', 27),
(28, 18000, 14.0, '2025-01-08', '2025-06-08', 28),
(29, 36000, 10.0, '2025-01-08', '2025-07-08', 29),
(30, 24000, 13.0, '2025-01-09', '2025-07-09', 30),
(31, 18000, 14.0, '2025-01-09', '2025-06-09', 31),
(32, 24000, 13.0, '2025-01-09', '2025-07-09', 32),
(33, 24000, 13.0, '2025-01-10', '2025-07-10', 33),
(34, 12000, 12.5, '2025-01-10', '2025-03-10', 34),
(35, 30000, 11.0, '2025-01-10', '2025-06-10', 35),
(36, 24000, 13.0, '2025-01-10', '2025-07-10', 36),
(37, 12000, 12.5, '2025-01-10', '2025-03-10', 37),
(38, 6000, 15.0, '2025-01-11', '2025-05-11', 38),
(39, 24000, 13.0, '2025-01-11', '2025-07-11', 39),
(40, 6000, 15.0, '2025-01-11', '2025-05-11', 40),
(41, 12000, 12.5, '2025-01-11', '2025-03-11', 41),
(42, 18000, 14.0, '2025-01-12', '2025-06-12', 42),
(43, 12000, 12.5, '2025-01-12', '2025-03-12', 43),
(44, 30000, 11.0, '2025-01-13', '2025-06-13', 44);


INSERT INTO Repayments (loan_id, amount_paid, payment_date, balance_due) 
VALUES
(1, 5000.00, '2025-01-01', 45000.00),
(2, 7000.00, '2025-01-02', 33000.00),
(3, 12000.00, '2025-01-03', 18000.00),
(4, 6000.00, '2025-01-04', 54000.00),
(5, 10000.00, '2025-01-05', 40000.00),
(6, 4000.00, '2025-01-06', 26000.00),
(7, 8000.00, '2025-01-07', 37000.00),
(8, 9000.00, '2025-01-08', 29000.00),
(9, 15000.00, '2025-01-09', 15000.00),
(10, 5000.00, '2025-01-10', 50000.00),
(11, 7500.00, '2025-01-11', 22500.00),
(12, 11000.00, '2025-01-12', 39000.00),
(13, 13000.00, '2025-01-13', 17000.00),
(14, 9000.00, '2025-01-14', 31000.00),
(15, 14000.00, '2025-01-15', 10000.00),
(16, 4500.00, '2025-01-16', 40500.00),
(17, 6000.00, '2025-01-17', 22000.00),
(18, 11000.00, '2025-01-18', 18000.00),
(19, 3000.00, '2025-01-19', 27000.00),
(20, 10000.00, '2025-01-20', 35000.00);


INSERT INTO Guarantors (loan_id, full_name, phone, relationship) 
VALUES
(1, 'Pravin Nikumbh', '9326365574', 'Friend'),
(2, 'Safik', '7738928178', 'Brother'),
(3, 'Avinash Kale', '8657479485', 'Colleague'),
(4, 'Sambhaji Birajdar', '9082235650', 'Uncle'),
(5, 'Vikas', '9321997996', 'Cousin'),
(6, 'Akash Kurade', '9137677025', 'Brother'),
(7, 'Vijay', '9137577940', 'Friend'),
(8, 'Minodin Shaikh', '6202378993', 'Father'),
(9, 'Samer', '9867327715', 'Friend'),
(10, 'Samdhan Nikumbh', '7039601245', 'Brother-in-law'),
(11, 'Amit Khatri', '7972418515', 'Friend'),
(12, 'Akash Kurade', '9702151477', 'Cousin'),
(13, 'Keshav', '7303168880', 'Neighbor'),
(14, 'Safik', '8692007911', 'Uncle'),
(15, 'Rafik Shaikh', '7710809035', 'Cousin'),
(16, 'Vijay', '7045787894', 'Friend'),
(17, 'Sanket', '9890496842', 'Brother'),
(18, 'Sandip', '9876543210', 'Friend'),
(19, 'Ramesh', '8765432109', 'Father'),
(20, 'Dinesh', '7654321098', 'Uncle');

-- Fetch all customers  
SELECT * FROM Customer_Details;  

-- Find all loans with pending repayments  
SELECT * FROM Loan WHERE balance_due > 0;

-- Get repayment history of a specific customer  
SELECT cd.customer_name, r.amount_paid, r.payment_date  
FROM Repayments r  
JOIN Loan l ON r.loan_id = l.loan_id  
JOIN Customer_Details cd ON l.customer_id = cd.customer_id  
WHERE cd.customer_name = 'Rajkumar Singh';
